Feature,Abs_Coefficient
alcohol,0.3056084862817159
volatile acidity,0.1853259727725996
sulphates,0.09370134695663622
chlorides,0.055903472789303396
pH,0.051253089847567636
total sulfur dioxide,0.04388921314264132
citric acid,0.040379832194092476
free sulfur dioxide,0.013653325844084685
fixed acidity,0.009124734953265708
density,0.0031956317161666616
residual sugar,0.0012380312865340453
